ID,Topic,Objective,Key Concepts,Output
EL-01,PDF Question Answering System,"Build a system where users can upload a PDF (notes, textbook, or research paper) and ask questions in natural language. The system should understand the content and provide accurate answers based on the document.","PDF Loading, Text Chunking, Embeddings, Vector Database (FAISS/ChromaDB), Similarity Search (Top-K), RAG (Retrieval-Augmented Generation)","""Chat with your PDF"" – Users can upload a file and get instant answers from it."
EL-02,College Notes Assistant (Subject Helper),"Create a specialized academic assistant that stores all your semester-long notes. Students can ask curriculum-specific questions like ""Explain OSI layer 3,"" and the bot responds using only the provided notes.","Knowledge Base Creation, Hybrid Retrieval (BM25 + Dense), Metadata Tagging, Context Window Optimization",Smart Academic Assistant – A personalized tutor for your specific college syllabus.
EL-03,Resume + Job Description Matcher,Develop a tool for job seekers to upload a resume and a job description. The system calculates a semantic match score and suggests specific keywords or skills to add to improve the resume for that specific role.,"Embeddings, Similarity Metrics (Cosine Similarity), Query Processing, Re-ranking","""You match 78%"" – A detailed breakdown of skill gaps and improvement suggestions."
EL-04,Chat with Website Content (Mini Web RAG),"Build a chatbot that takes a URL as input, scrapes the website content, and allows users to ask questions specifically about that site's services, blogs, or products.","Data Connectors (Web Scraping), Chunking + Embeddings, Vector DB, Query Engine",Website-Specific Chatbot – A tool that turns any URL into an interactive assistant.
EL-05,Customer Support FAQ Bot,Design a business-grade chatbot for companies to upload their FAQ documents. It should answer user queries accurately while strictly avoiding hallucinations by grounding answers in the company docs.,"Metadata Filtering, Top-K Retrieval, Hallucination Reduction, Guardrails",Real-World Business Chatbot – A reliable automated support agent.
EL-06,Codebase Assistant (Dev Helper),"Create a developer tool that indexes an entire software project. Developers can ask ""Where is the login logic handled?"" to quickly navigate large and complex codebases.","Code Chunking, Embeddings for Code, Vector Index, Query Processing","Developer Productivity Tool – A ""GPS"" for navigating and understanding new codebases."
EL-07,News Summarizer + Q&A Bot,Develop a system that ingests daily news articles and provides a high-level summary or answers specific queries about current events by combining multiple news sources.,"Data Preprocessing, Context Compression, Multi-query Retrieval, LLM Summarization","""Summarize today's news"" – A personalized daily intelligence report."
EL-08,Legal/Policy Document Assistant,"Build a high-precision tool for analyzing legal policies. It must extract specific clauses (e.g., ""What is the refund policy?"") and cite exactly which section of the policy the answer came from.","Chunking Optimization, Dense Retrieval, Re-ranking, Faithfulness Evaluation",Accurate Policy Extraction System – A compliance tool for legal and HR teams.
EL-09,YouTube Transcript Q&A Tool,Create a tool where users paste a YouTube link; the system fetches the transcript and allows users to ask questions or summarize the video without watching it.,"Data Loading (Transcripts), Embeddings, Similarity Search, Prompt Augmentation","""Explain this video in 5 points"" – A time-saving tool for video learners."
EL-10,Multi-Document Research Assistant,Build a research tool that can handle dozens of research papers at once. It should be able to synthesize answers that require cross-referencing information from multiple files.,"Multi-query Retrieval, Hybrid Search, Context Window Handling, Evaluation Metrics (Precision@K)",Cross-Document Intelligence – A powerful assistant for literature reviews and research.
EL-11,Email Inbox Assistant,"Connect a RAG pipeline to an email archive. Users can ask ""Find all emails related to the project deadline"" or ""Draft a reply to the last email from the client.""","Data Loading (CSV/IMAP), Metadata Filtering, Similarity Search, Prompt Augmentation",Smart Email Querying – A tool to find information and draft replies in seconds.
EL-12,Personal Knowledge Base (Second Brain AI),"Design a personal ""AI memory"" where a user can store notes, ideas, and bookmarks, then query them months later using natural language.","Knowledge Base, Embeddings + Vector Storage, Query Processing, Context Window","""AI Memory System"" – A digital brain that ensures you never forget a thought."
EL-13,Interview Preparation Bot,"Develop a bot that indexes interview questions and company culture docs. It acts as an interviewer, asking questions and providing feedback on the user's answers.","Chunking + Overlap, Retrieval + Re-ranking, Prompt Augmentation, Context Compression",Personalized Interview Trainer – A safe space to practice for your dream job.
EL-14,Product Recommendation System,"Build an e-commerce search engine that understands intent (e.g., ""Suggest laptops under 80k for gaming"") rather than just basic keyword matching.","Embeddings for Products, Similarity Metrics, Metadata Filtering, Hybrid Retrieval",Smart Recommendation Engine – A search bar that actually understands what shoppers want.
EL-15,Medical Information Assistant (Basic),"Build an informational tool that retrieves medical facts from verified journals. It must have strict safety filters to ensure it only provides information, not diagnoses.","Dense Retrieval, Faithfulness Evaluation, Guardrails, Top-K Retrieval","Controlled Medical Q&A – A safe, document-grounded health information portal."
EL-16,Research Paper Comparator,"Create a tool where a user uploads 2–3 papers. The AI compares their methodologies, results, and conclusions, highlighting where they agree or disagree.","Multi-document Retrieval, Query Expansion, Re-ranking, Context Window Optimization","""Paper A vs Paper B"" – A side-by-side analytical comparison report."
EL-17,Chat with CSV/Data Tables,"Enable natural language queries on tabular data. Users can ask ""Who had the highest sales in Q3?"" and the AI analyzes the spreadsheet to answer.","Data Preprocessing, Embeddings for Tabular Text, Query Processing, Prompt Augmentation",Natural Language Data Analysis – Talk to your spreadsheets instead of using filters.
EL-18,Multi-Language Document Assistant,"Build a RAG system where a user uploads a document in one language (e.g., English) and can ask questions/get answers in another (e.g., Tamil).","Multilingual Embedding Models, Vector Representation, Query Transformation, Retrieval",Cross-Language RAG System – Break the language barrier in document research.
EL-19,Meeting Notes Analyzer,"Process meeting transcripts to automatically extract decisions made, pending tasks, and key speakers' viewpoints into a structured format.","Context Compression, Query Processing, Re-ranking, Prompt Engineering",Actionable Meeting Insights – Spend less time taking notes and more time doing.
EL-20,AI Study Planner Generator,"Take a syllabus as input and generate a day-by-day study schedule, while also being available to explain any topic from that syllabus on demand.","Chunking Optimization, Retrieval + Generation, Multi-query Retrieval, Caching",Smart Academic Planner – A roadmap and a tutor in one tool.
EL-21,Stack Overflow-style Q&A Bot,Index a dataset of programming Q&A to provide an assistant that helps developers solve syntax and logic errors by finding similar historical solutions.,"Dense Retrieval, Similarity Search, Re-ranking, Prompt Augmentation",Dev Assistant – A specialized search engine for technical troubleshooting.
EL-22,Bug Report Analyzer,Input current system bug logs; the system retrieves similar past issues and their recorded fixes from the company's historical database.,"Embeddings (Logs), Vector DB, Top-K Retrieval, Metadata",Faster Debugging Assistant – Reduce the time to fix recurring system issues.
EL-23,Book Summary + Insight Generator,"Ingest entire books to provide character arc analysis, thematic summaries, and specific quote retrieval using a RAG pipeline.","Chunking + Overlap, Context Compression, Retrieval + Generation, Prompt Engineering",Smart Reading Assistant – Deep-dive into any book in minutes.
EL-24,Policy Compliance Checker,Compare a user-described action against complex company policy documents to determine if the action is compliant.,"Retrieval, Query Processing, Guardrails, Prompt Augmentation","""Compliant / Not Compliant"" – An automated first line of defense for HR/Legal."
EL-25,AI Travel Guide,"Build a travel bot using a custom database of blogs and guides to provide hyper-local, personalized recommendations for niche locations.","Knowledge Base, Metadata Filtering, Hybrid Retrieval, Context Window",Personalized Travel Assistant – A guide that knows more than just the top 10 tourist spots.
EL-26,Learning Path Generator (Skill-Based),Ask the bot to help you learn a skill; it retrieves the most relevant resources and creates a structured roadmap based on indexed educational material.,"Query Expansion, Multi-query Retrieval, Context Window Handling, Output Structuring",Structured Learning Path – A custom curriculum built from your own library of content.
EL-27,Contract Clause Extractor,"Develop a legal-tech tool that automatically identifies and extracts specific clauses (e.g., Termination, Liability, Force Majeure) from hundreds of uploaded contracts.","Chunking Optimization, Named Section Retrieval, Top-K Retrieval, Prompt Engineering",Key Clause Extraction – A summary table of critical terms from multiple legal PDFs.
EL-28,Social Media Content Analyzer,Build a tool for brands to upload historical posts and engagement data. The system analyzes past content to extract sentiment trends and identify what topics drive the most interaction.,"Embeddings, Similarity Search, Context Compression, Trend Detection",Brand Intelligence Report – Data-backed insights for social media strategy.
EL-29,AI Fitness Coach (Knowledge-Based),Create a fitness assistant that answers personalized workout or diet questions based specifically on a library of scientific sports nutrition and exercise science documents.,"Metadata Filtering, Retrieval + Re-ranking, Guardrails, Expert Knowledge Base",Fitness Q&A Assistant – Evidence-based coaching grounded in sports science.
EL-30,Historical Events Explorer,"Develop an interactive history tutor that answers complex questions (e.g., ""What were the economic causes of WW1?"") using a database of historical texts and primary sources.","Knowledge Base, Dense Retrieval, Context Window, Prompt Augmentation",Interactive History Tutor – A conversational encyclopedia for history students.
EL-31,AI Lecture Doubt Solver,Build a tool for students to upload lecture slides; the bot explains complex diagrams or bullet points in simpler terms based on the slide content.,"Chunking (Slides), Embeddings, Top-K Retrieval, Prompt Augmentation",Lecture Companion – An instant tutor for clarifying classroom material.
EL-32,Customer Feedback Analyzer,Process thousands of customer reviews to group similar complaints and extract the most frequent suggestions for product improvement.,"Embeddings, Clustering via Similarity, Context Compression, Sentiment Mapping",Product Feedback Dashboard – A prioritized list of what to fix in the next update.
EL-33,AI Legal Case Finder,A tool for lawyers to input a specific case scenario and retrieve highly similar past legal cases and precedents from a legal database.,"Dense Retrieval, Vector DB, Metadata, Re-ranking",Legal Precedent Finder – A search engine for case law and legal strategy.
EL-34,Internal Company Docs Search (Enterprise Search),"Create a ""Google for your company"" that allows employees to search across disparate internal documentation, wikis, and manuals through a single interface.","Hybrid Retrieval (BM25 + Dense), Metadata Filtering, ANN Search (Approximate Nearest Neighbor), Data Connectors",Unified Enterprise Search – Instant access to any company document.
EL-35,AI Debate Assistant,Develop a tool that provides evidence-based arguments for both sides of a topic by retrieving facts from a trusted knowledge base.,"Multi-query Retrieval, Context Window Optimization, Prompt Augmentation, Source Verification",Pros & Cons Dashboard – Data-backed evidence for logical arguments.
EL-36,Recipe Recommendation Bot,Build a culinary assistant that suggests recipes based on available ingredients and dietary restrictions by searching a large recipe database.,"Embeddings (Ingredients + Recipes), Similarity Search, Metadata Filtering, Hybrid Retrieval",Context-Aware Recipe Bot – Personalized cooking suggestions from your pantry.
EL-37,AI Documentation Helper (API Docs Bot),Create a chatbot for developers that indexes API documentation and provides code examples and integration steps based on user queries.,"Chunking Optimization, Retrieval + Re-ranking, Prompt Engineering, Developer Context","Dev-Friendly Docs Assistant – A bot that answers ""How-to"" questions for any API."
EL-38,Exam Answer Evaluator,"Develop an automated grading assistant that compares a student's answer against a reference ""golden"" answer and provides a score and qualitative feedback.","Embedding Similarity, Evaluation Metrics, Prompt Augmentation, Reference Retrieval",Automated Feedback Report – A score and helpful tips for every student answer.
EL-39,AI News Q&A (Topic-specific),"Build a niche news assistant focused on one industry (e.g., AI or Finance) to answer deep technical questions about recent developments.","Knowledge Base, Top-K Retrieval, Context Compression, Prompt Engineering",Vertical News Intelligence – Expert answers on specific industry trends.
EL-40,Voice Notes → Knowledge Assistant,"Create a tool that transcribes voice memos and organizes them into a searchable vector database, allowing users to query their own spoken thoughts.","Data Preprocessing, Embeddings, Vector Storage, Query Pipeline","""Search your own voice"" – A tool that lets you chat with your past ideas."
EL-41,AI Wiki Search Bot,"Build a fast, local version of a Wikipedia assistant that uses dense retrieval to answer encyclopedic questions accurately from a massive data dump.","Dense Retrieval, Vector DB, Top-K Retrieval, Context Window",Mini Wikipedia Assistant – High-speed knowledge retrieval in a chat format.
EL-42,Personalized News Feed Generator,Develop a recommendation engine that retrieves news articles specifically matching a user's long-term interests and past queries.,"Query Expansion, Embeddings, Hybrid Retrieval, Re-ranking",Tailored News Feed – A daily digest that actually matches what you care about.
EL-43,AI Startup Idea Generator,Create a brainstorming tool that retrieves data on market trends and startup datasets to suggest data-backed new business opportunities.,"Multi-query Retrieval, Prompt Augmentation, Context Compression, Similarity Search",Data-Backed Startup Concepts – AI-driven brainstorming grounded in market data.
EL-44,Scientific Formula Finder,"Build a specialized search engine for students to find scientific formulas and their contextual usage (e.g., ""formula for capacitance"") from textbooks.","Knowledge Base, Keyword + Dense Retrieval, Metadata (Subject), Prompt Augmentation",Formula & Application Guide – The right formula with a clear explanation.
EL-45,AI Career Guidance Bot,Develop a career counselor that uses job market data and educational requirements to suggest career paths based on a user's current skills.,"Query Processing, Retrieval + Re-ranking, Context Window Optimization, Output Structuring",Evidence-Based Career Advice – Clear career paths based on your profile.
EL-46,E-commerce Review Q&A Bot,"Create a tool for shoppers to ask questions about product durability or features based on thousands of real user reviews (e.g., ""Does this fit a small wrist?"").","Embeddings, Sentiment-Aware Retrieval, Top-K Retrieval, Prompt Augmentation","Shopper Insight Bot – Instant answers to ""Is it worth it?"" questions."
EL-47,AI Story Knowledge Assistant,"Build a tool for writers to query their own story worlds, characters, and plot points to maintain consistency across long novels or series.","Chunking + Overlap, Retrieval, Prompt Augmentation, Vector DB",Story Consistency Bot – A co-writer that never forgets a plot point.
EL-48,AI Coding Interview Q&A Retriever,Create a practice platform that retrieves similar Data Structures and Algorithms (DSA) problems from a database to help students master specific patterns.,"Embeddings (Problem Statements), Similarity Search, ANN (FAISS), Metadata",Pattern-Based Practice – Master coding interviews by studying similar problems.
EL-49,Financial Document Analyzer,"Develop an investment assistant that parses annual reports (10-K filings) to extract revenue trends, risks, and performance summaries.","Context Compression, Retrieval + Generation, Metadata Filtering, Faithfulness Evaluation","""Revenue Trend Summary"" – Professional financial analysis in seconds."
EL-50,AI Myth Buster (Fact Checker),Build a fact-checking tool that takes a claim and retrieves verified evidence from a trusted knowledge base to prove or disprove it.,"Retrieval, Re-ranking, Faithfulness Evaluation, Guardrails","""True / False"" + Explanation – An automated, evidence-backed fact checker."
EL-51,AI Scholarship Finder,"Create a tool for students to find matching scholarships by searching a global database of opportunities using their marks, country, and interests.","Metadata Filtering, Retrieval + Re-ranking, Query Processing, Output Structuring",Personalized Scholarship Report – A list of grants you are actually eligible for.
EL-52,AI Movie Recommendation (Semantic),"Build a movie engine that understands ""vibes"" (e.g., ""Movies like Interstellar but more emotional"") using plot summaries and user descriptions.","Embeddings (Plot Summaries), Similarity Search, Hybrid Retrieval, Re-ranking",Mood-Based Recommendations – Find your next favorite movie by describing it.
EL-53,AI Bug Fix Suggestion Bot,Develop a system that takes a code error and retrieves the most successful fixes from a company's internal history or public repositories.,"Embeddings (Error Logs), Top-K Retrieval, Prompt Augmentation, Context Window",Suggested Code Fixes – Stop searching Stack Overflow and get the fix instantly.
EL-54,AI Knowledge Quiz Generator,Design a tool for teachers that ingests any document and automatically generates a multiple-choice quiz based on the key facts in the text.,"Chunking, Retrieval, Prompt Engineering, Output Structuring",Automated Knowledge Quiz – Turn any notes into a revision test.
EL-55,AI Meeting Q&A Bot,"Build a searchable archive of all past company meetings, allowing users to ask ""What did the team decide about the budget last month?"".","Context Compression, Retrieval, Query Pipeline, Metadata Filtering","""Meeting History Memory"" – Never lose track of what was said in a call."
EL-56,AI Startup Pitch Analyzer,"Create a tool for founders to upload their pitch deck; the AI evaluates it against ""Successful Pitch"" benchmarks and suggests improvements.","Embedding Similarity, Re-ranking, Prompt Augmentation, Context Compression",Feedback & Improvement Tips – Make your startup pitch investor-ready.
EL-57,AI Course Recommendation System,Develop an educational assistant that suggests online courses based on a user's current skill level and career goals.,"Query Expansion, Hybrid Retrieval, Metadata, Re-ranking",Personalized Course List – The best learning path for your career transition.
EL-58,AI Log Analyzer (System Monitoring),"Build a monitoring tool that uses embeddings to detect ""unusual"" log patterns that don't match historical ""normal"" system behavior.","Embeddings (Logs), Similarity Search, ANN Search, Metadata","""Unusual Patterns Detected"" – Early warning system for system failures."
EL-59,AI Book Recommendation (Deep Context),"Create a book discovery tool that finds books with similar philosophical themes or writing styles (e.g., ""Books about discipline with a stoic tone"").","Dense Retrieval, Context-Aware Search, Re-ranking, Vector DB",Meaning-Based Recommendations – Find books that speak to your mindset.
EL-60,AI Research Gap Finder,Develop a tool for researchers that analyzes a collection of papers to find topics that are under-explored or have conflicting results.,"Multi-Document Retrieval, Query Expansion, Context Compression, Output Structuring","""Potential Research Gaps"" – Identify your next big research opportunity."
EL-61,AI Podcast Q&A Assistant,Create a system to query podcast transcripts to find specific advice or quotes mentioned by guests across multiple episodes.,"Data Loading (Transcripts), Embeddings, Top-K Retrieval, Context Window","""Summarize this episode"" – Ask questions and get insights from audio content."
EL-62,AI Resume Bullet Improver,Build a tool that retrieves high-impact bullet points from top-tier resumes to help users rewrite their own experience more professionally.,"Embedding Similarity, Retrieval, Prompt Augmentation, Context Window",High-Impact Resume Bullets – Professional experience points that stand out.
EL-63,AI GitHub Repo Explainer,Develop a tool that indexes a GitHub repository's files and explains the project structure and logic to new developers in simple terms.,"Code Chunking, Vector DB, Query Processing, Context Window","""Repo Onboarding Guide"" – A fast-track to understanding any new project."
EL-64,AI FAQ Generator from Documents,Create an automated tool for product managers to generate a comprehensive FAQ list directly from internal technical manuals.,"Chunking, Retrieval, Prompt Engineering, Output Structuring",Auto-Generated FAQ – Turn dry documentation into helpful user answers.
EL-65,AI Learning Notes Simplifier,"Build an assistant that takes complex, jargon-heavy academic notes and retrieves simple analogies or definitions to explain them to a beginner.","Context Compression, Retrieval, Prompt Augmentation, Similarity Search",Easy-to-Understand Notes – Master complex subjects through simplicity.
EL-66,AI Email Search (Semantic Gmail),"Improve standard email search by allowing users to find threads based on meaning (e.g., ""Where did we discuss the holiday party?"") rather than just keywords.","Embeddings (Emails), Similarity Search, Metadata Filtering, Query Pipeline",Meaning-Based Search – Find the right email without knowing the exact keywords.
EL-67,AI Habit Tracker Insight Bot,Develop a tool that analyzes your daily habit logs and provides document-grounded insights on how to improve your consistency.,"Data Preprocessing, Embeddings, Retrieval + Summarization, Output Structuring","""Productivity Insights"" – AI-driven coaching based on your real behavior."
EL-68,AI Technical Concept Explainer,"Create a specialized explainer bot that uses a curated library of tech documentation to explain complex topics like ""Docker"" or ""Kubernetes"" simply.","Retrieval, Prompt Augmentation, Context Window, Metadata Filtering",Beginner-Friendly Tech Guide – Clear explanations for complex technologies.
EL-69,AI Debate Evidence Finder,Build a real-time assistant for debaters that retrieves supporting statistics and quotes from a database of verified reports during a live discussion.,"Dense Retrieval, Re-ranking, Multi-Query Retrieval, Prompt Augmentation",Evidence-Backed Arguments – Win debates with real-time data retrieval.
EL-70,AI Dataset Insight Generator,Create a tool that ingests dataset descriptions and retrieves relevant industry trends to suggest what insights a data scientist should look for.,"Query Processing, Retrieval, Prompt Augmentation, Context Window","""Key Trends & Observations"" – A roadmap for your data analysis project."
EL-71,AI Coding Error Explainer,Develop a bot that takes a cryptic error message and retrieves both a plain-English explanation and a step-by-step fix from a technical knowledge base.,"Embeddings (Errors), Retrieval, Prompt Augmentation, Context Window",Friendly Debugging Help – Turn frustrating errors into learning moments.
EL-72,AI Research Paper Summarizer,"Build a summarizer that maintains the structure of a scientific paper, providing specific summaries for the Intro, Methods, and Results sections separately.","Chunking by Sections, Context Compression, Retrieval + Generation, Output Structuring",Section-Wise Paper Summary – Read a research paper in 2 minutes.
EL-73,AI Personal Finance Advisor,"Create a financial assistant that answers questions based on a user's uploaded bank policies, insurance documents, and investment guides.","Metadata (Investment Type), Retrieval, Guardrails, Prompt Augmentation",Document-Grounded Advice – Understand your own financial documents clearly.
EL-74,AI Knowledge Timeline Generator,Develop a tool that takes a collection of historical or project documents and visualizes the key events in a chronological timeline.,"Retrieval, Query Transformation, Context Structuring, Output Structuring",Chronological Insights – A clear timeline of how events unfolded.
EL-75,AI Competitive Exam Assistant,Build a tool for exam prep that retrieves relevant practice questions and concepts based on the user's specific weak areas in the syllabus.,"Chunking + Overlap, Retrieval, Prompt Augmentation, Metadata",Exam-Focused Prep – A personalized tutor for competitive exam success.
EL-76,AI App Review Analyzer,Create a dashboard for developers that retrieves and groups similar reviews to identify the most requested features or most frequent crashes.,"Embeddings, Similarity Clustering, Context Compression, Output Structuring",Feature & Bug Summary – Actionable data from your app's review section.
EL-77,AI Knowledge Graph Builder,"Develop a tool that extracts entities (People, Places, Tech) and their relationships from a set of documents to create a mini-knowledge map.","Retrieval, Query Expansion, Structured Prompting, Output Structuring",Entity & Relationship Insights – Visualize how concepts are connected in your data.
EL-78,AI Interview Feedback Analyzer,Build a tool for hiring managers to analyze interview transcripts and summarize a candidate's strengths and weaknesses against the JD.,"Context Compression, Retrieval, Prompt Engineering, Output Structuring",Objective Candidate Feedback – Data-backed reports for better hiring decisions.
EL-79,AI Technical Blog Generator,"Create a tool that takes raw technical notes or internal documentation and drafts a polished, high-quality technical blog post for developers.","Retrieval, Prompt Augmentation, Context Window, Similarity Search",Professional Tech Blog – Turn your code and notes into a published article.
EL-80,AI Knowledge Consistency Checker,Build a tool that analyzes multiple documents on the same topic to flag any conflicting information or factual inconsistencies.,"Multi-Document Retrieval, Re-ranking, Faithfulness Evaluation, Output Structuring","""Conflicting Statements Found"" – Ensure your knowledge base is 100% accurate."
EL-81,AI Documentation Gap Finder,Develop a tool that analyzes your software's feature list and compares it to your user manual to find missing sections or outdated info.,"Retrieval, Query Expansion, Context Comparison, Output Structuring","""Documentation Gap Report"" – Never leave a feature undocumented again."
EL-82,AI Meeting Action Item Extractor,Create a bot that focuses exclusively on meeting transcripts to identify exactly who was assigned what task and what the deadline was.,"Context Compression, Retrieval, Prompt Engineering, Output Structuring",Clean Task List – Turn every meeting transcript into an actionable plan.
EL-83,AI Customer Support Ticket Router,"Build an automated router that analyzes incoming support tickets and uses semantic similarity to assign them to the correct department (Billing, Tech, Sales).","Embeddings, Similarity Search, Metadata Classification, Output Structuring",Auto-Routing System – Reduce wait times by sending tickets to the right experts.
EL-84,AI Research Topic Recommender,Develop a tool for students to input their interests and retrieve currently trending or academically valuable research topics and starter papers.,"Query Expansion, Multi-Query Retrieval, Re-ranking, Output Structuring","""Suggested Research Areas"" – Find your next big academic project."
EL-85,AI Code Snippet Finder,"Create a specialized library where developers can search for specific reusable code patterns (e.g., ""Binary Search in Python"") via natural language.","Code Embeddings, Vector DB, Top-K Retrieval, Prompt Augmentation",Relevant Code Snippets – Find the code you need without leaving your editor.
EL-86,AI Learning Progress Analyzer,Build a dashboard that analyzes a student's study logs and retrieved quiz scores to highlight exactly which chapters they need to revise.,"Data Preprocessing, Retrieval, Context Summarization, Output Structuring","""Learning Weak-Point Analysis"" – Optimize your study time for maximum results."
EL-87,AI Knowledge-Based Chat Memory,Develop a chatbot that remembers personal facts across long periods by storing them in a vector database and retrieving them to provide personalized context.,"Embeddings, Vector Storage, Query Pipeline, Prompt Augmentation","""AI Memory Bot"" – A chatbot that actually gets to know you over time."
EL-88,AI Policy Risk Detector,"Build a tool that takes a proposed action (e.g., a marketing tweet) and detects if it violates any retrieved company or legal policies.","Retrieval, Guardrails, Re-ranking, Output Structuring",Risk Level & Explanation – Protect your brand from accidental policy violations.
EL-89,AI Question Paraphraser,Create a query optimization tool that takes a user's vague question and uses the knowledge base to rephrase it into a better query for a search engine.,"Query Transformation, Retrieval, Prompt Augmentation, Output Structuring","Better Structured Queries – Get exactly what you're looking for, faster."
EL-90,AI Knowledge Flashcard Generator,Design a tool that takes notes and automatically generates Anki-style flashcards for active recall and spaced repetition.,"Chunking, Retrieval, Prompt Engineering, Output Structuring",Q&A Flashcards – Turn any PDF into an active learning tool.
EL-91,AI Knowledge Revision Planner,Build a tool that analyzes a syllabus and retrieved notes to create a revision schedule based on topic difficulty and exam date.,"Chunking, Retrieval, Query Processing, Output Structuring",Smart Revision Schedule – A stress-free plan to cover your entire syllabus.
EL-92,AI Context-Aware Translator,Create a translation tool that uses a retrieved knowledge base to ensure technical terms are translated correctly for the specific domain.,"Multilingual Embeddings, Retrieval, Prompt Augmentation, Similarity Search","Accurate Contextual Translation – No more ""Google Translate"" errors for tech docs."
EL-93,AI Lecture Summary Comparator,Develop a tool for students to upload their notes and compare them with the official lecture summary to find what points they missed.,"Multi-Document Retrieval, Re-ranking, Context Compression, Output Structuring","""Missing Points Report"" – Ensure your notes are complete and accurate."
EL-94,AI Feature Request Analyzer,"Build a tool for Product Managers to upload thousands of feature requests and group them by theme, impact, and difficulty via semantic clustering.","Embeddings, Clustering (via Similarity), Metadata Handling, Output Structuring","""Top Requested Features"" – Data-driven evidence for what to build next."
EL-95,AI Knowledge-Based Reminders,"Create a reminder system that triggers not just by time, but by context (e.g., ""Remind me to ask about the budget when I open the Finance doc"").","Vector Storage, Query Matching, Retrieval, Prompt Augmentation",Smart Contextual Reminders – The right information at the exact right moment.
EL-96,AI SOP (Statement of Purpose) Helper,Develop a tool for students to upload their draft SOP and compare it to high-quality sample SOPs to improve their narrative and impact.,"Embedding Similarity, Retrieval, Prompt Augmentation, Output Structuring",Strong SOP Drafts – Improve your chances of university admission.
EL-97,AI Debugging Knowledge Base,Create a private knowledge base for dev teams to store unique debugging solutions so they can be retrieved instantly if the same error happens again.,"Embeddings, Vector DB, Similarity Search, Output Structuring","""Seen this before?"" – Reuse team knowledge to fix bugs 10x faster."
EL-98,AI Content Idea Generator,"Build a tool for niche creators to upload their past content and retrieve currently trending topics to generate ""Grounded"" new content ideas.","Query Expansion, Retrieval, Context Window, Output Structuring",Relevant Content Ideas – Stop guessing and start creating data-backed content.
EL-99,AI Knowledge-Based Decision Helper,Create an assistant where you input a business situation and it retrieves past case studies to suggest the best course of action with reasoning.,"Retrieval, Re-ranking, Prompt Engineering, Output Structuring","""Best Option with Reasoning"" – Make better decisions using historical data."
EL-100,AI Concept Dependency Mapper,"Develop a tool that analyzes a textbook and creates a ""Learning Tree,"" showing exactly what concepts you need to learn first before moving to harder ones.","Retrieval, Query Transformation, Structured Prompting, Output Structuring",Concept Dependency Map – The fastest path to mastering any new subject.
EL-101,AI Knowledge-Based Resume Screener,Build a recruiter tool that retrieves the most qualified candidates from a database by semantically matching their resumes to the job requirements.,"Embeddings, Similarity Search, Re-ranking, Output Structuring","""Top 5 Candidates"" – Find the perfect hire through semantic matching."
EL-102,AI Academic Paper Citation Finder,Develop a tool for researchers to input a paragraph and retrieve the most relevant academic papers to cite as supporting evidence.,"Dense Retrieval, Top-K Retrieval, Query Expansion, Output Structuring",Suggested References – Accurate citations for your research paper.
EL-103,AI Design Inspiration Finder,Create a tool for designers to upload a design brief and retrieve relevant design philosophy or case studies to spark new ideas.,"Embeddings, Similarity Search, Metadata Filtering, Output Structuring",Related Design Ideas – Spark your creativity with document-grounded inspiration.
EL-104,AI Knowledge-Based Moderator,Build a community tool that retrieves community guidelines and uses them to flag messages that are harmful or off-topic with a reason.,"Retrieval, Guardrails, Classification, Output Structuring","""Message flagged: violates Rule 4 (No Spam)"" – Maintain a healthy community with AI moderation."
EL-105,AI Sales Playbook Assistant,"Develop an assistant for sales teams that retrieves the best ""objection handlers"" from the company playbook during a conversation.","Retrieval, Prompt Augmentation, Context Window, Output Structuring",Smart Sales Suggestions – Close more deals with the company's best sales scripts.
EL-106,AI Learning Style Adapter,"Build a tutor that retrieves information from a knowledge base and adjusts its explanation style based on whether the user is a ""Beginner"" or ""Expert.""","Metadata Filtering, Retrieval, Prompt Engineering, Output Structuring",Personalized Explanations – Learn any topic at your own speed and level.
EL-107,AI Knowledge-Based Code Refactor,"Create a tool that retrieves ""Best Practice"" code patterns from a documentation library and suggests refactoring for the user's current messy code.","Code Embeddings, Retrieval, Re-ranking, Output Structuring",Cleaner Code Suggestions – Level up your code quality with AI-backed refactoring.
EL-108,AI Knowledge-Based Risk Assessment Tool,"Build a professional auditing tool that ingests complex project proposals, financial statements, or operational plans and identifies potential risks by comparing them against a database of historical failures and safety standards.","Retrieval, Context Compression, Guardrails, Similarity Search","Risk Insights Dashboard – A categorized list of high, medium, and low-priority risks with evidence-backed mitigation strategies."
